Name	Description	Link	Google Link
Find Your Local Food Bank | Feeding America® Food Banks	The Feeding America nationwide network of food banks and partner food pantries distributes 4 billion meals a year. Find a food bank near you.	http://www.feedingamerica.org/find-your-local-foodbank/	www.feedingamerica.org/find-your-local-foodbank/
NATIONAL FOOD BANK DAY – First Friday in September | National ...	When you wake up on the first Friday in September make a commitment for National Food Bank Day to contribute to the cause that believes no one should go to ...	https://nationaldaycalendar.com/national-food-bank-day-first-friday-in-september/	https://nationaldaycalendar.com/national-food-bank-day-first-friday-in-september/
How Do Food Banks Work? | Feeding America® Food Banks		http://www.feedingamerica.org/about-us/how-we-work/food-bank-network/	www.feedingamerica.org/about-us/how-we-work/food-bank-network/
Food Banks Canada - National Food Sharing System	This effective system allows us to share millions of kg of food with food banks ... The National Food Sharing System (NFSS) is a cornerstone of our network ...	https://www.foodbankscanada.ca/About-Us/Programs/National-Food-Sharing-System.aspx	https://www.foodbankscanada.ca/About-Us/.../National-Food-Sharing-System.aspx
Food Banks Canada - National Conference 2017	Our Kitchen Creations program provides grants and resources to teach food bank recipients how to plan and prepare nutritious meals for their families.	https://www.foodbankscanada.ca/NationalConference2017.aspx	https://www.foodbankscanada.ca/NationalConference2017.aspx
Donate Food - Foodbank	We receive and redistribute unsaleable food and grocery items from farmers, ... supply programs please contact our national Foodbank office on 02 9887 4144.	https://www.foodbank.org.au/want-to-help/donate-food/	https://www.foodbank.org.au/want-to-help/donate-food/
	Contact us Today.	/aclk?sa=l&ai=DChcSEwjLnp64x4jWAhVOH2gKHYQgBTsYABABGgJzYw&sig=AOD64_14gqwUSIU3-DxgpfUzDu7x2MdSfA&q=&ved=0ahUKEwjCmZq4x4jWAhXMKY8KHfZ6DhA4ChDRDAhe&adurl=	www.feedourvets.org/
	Donate Delhi NCR FoodBank, India Feeding over 10,000 Meals Daily	/aclk?sa=l&ai=DChcSEwjLnp64x4jWAhVOH2gKHYQgBTsYABAEGgJzYw&sig=AOD64_27s3ldt532FBFg20pAMmI7SqydQA&q=&ved=0ahUKEwjCmZq4x4jWAhXMKY8KHfZ6DhA4ChDRDAhk&adurl=	www.delhifoodbanking.org/
U.S. Hunger Relief Organization | Feeding America®	... Feeding America is a hunger organization with a nationwide network of food banks feeding the hungry. ... Make a secure donation via credit card or PayPal.	http://www.feedingamerica.org/	www.feedingamerica.org/
	Find Your Local Food Pantry. Your Extra Food Can Feed The Needy.	/aclk?sa=l&ai=DChcSEwjzxde6x4jWAhVNHmgKHeg4CPcYABAAGgJzYw&sig=AOD64_1r_vBd5tvffrTBZAabXQ1MNOHzZA&q=&ved=0ahUKEwjTxdO6x4jWAhVJKY8KHVleD74Q0QwIIw&adurl=	www.ampleharvest.org/
	Donate Rs.450 and help us feed a child for an year. Donate Now!	/aclk?sa=l&ai=DChcSEwjzxde6x4jWAhVNHmgKHeg4CPcYABABGgJzYw&sig=AOD64_1H42rBzgWzIA2NCpyEIDcXhGtF0g&q=&ved=0ahUKEwjTxdO6x4jWAhVJKY8KHVleD74Q0QwIJw&adurl=	www.annamrita.org/MidDay+Meal
Food bank - Wikipedia	A food bank or foodbank is a non-profit, charitable organization that distributes food to those ..... We need ongoing national survey monitoring to understand the scale of food insecurity, who is at risk, and the implications for child and adult health ...	https://en.wikipedia.org/wiki/Food_bank	https://en.wikipedia.org/wiki/Food_bank
Leket Israel - Wikipedia	Leket Israel, The National Food Bank is an Israeli charity that distributes surplus food to needy people. Contents. [hide]. 1 History; 2 Programs. 2.1 Meal Rescue ...	https://en.wikipedia.org/wiki/Leket_Israel	https://en.wikipedia.org/wiki/Leket_Israel
U.S. Hunger Relief Organization | Feeding America®	Find Your Local Food Bank GO ... hunger-relief organization, working to connect people with food and end ... Make a secure donation via credit card or PayPal.	http://www.feedingamerica.org/	www.feedingamerica.org/
How Do Food Banks Work? | Feeding America® Food Banks		http://www.feedingamerica.org/about-us/how-we-work/food-bank-network/	www.feedingamerica.org/about-us/how-we-work/food-bank-network/
food pantry - | foodbankst.org		https://www.foodbankst.org/food-bank-vs-food-pantry	https://www.foodbankst.org/food-bank-vs-food-pantry
Feeding America - Wikipedia		https://en.wikipedia.org/wiki/Feeding_America	https://en.wikipedia.org/wiki/Feeding_America
Find Your Local Food Bank | Feeding America® Food Banks	The Feeding America nationwide network of food banks and partner food pantries distributes 4 billion meals a year. Find a food bank near you.	http://www.feedingamerica.org/find-your-local-foodbank/	www.feedingamerica.org/find-your-local-foodbank/
Food bank - Wikipedia	A food bank or foodbank is a non-profit, charitable organization that distributes food to those ..... We need ongoing national survey monitoring to understand the scale of food insecurity, who is at risk, and the implications for child and adult health ...	https://en.wikipedia.org/wiki/Food_bank	https://en.wikipedia.org/wiki/Food_bank
The Food Bank Singapore	Welcome to The Food Bank Singapore! ... there are some people out there who have not eaten because they simply do not have enough to put food on the table.	http://www.foodbank.sg/	www.foodbank.sg/
Hurricane Harvey: where you can donate to help with disaster relief ...	3 days ago - Local food banks: The Houston Press has compiled a list of food banks in the affected area, including Houston Food Bank, Galveston County ...	https://www.vox.com/science-and-health/2017/8/27/16211642/hurricane-harvey-donations-charities-disaster-relief	https://www.vox.com/science.../hurricane-harvey-donations-charities-disaster-relief
Food Donation Connection | National Restaurant Association	The National Restaurant Association launched a national partnership Food Donation Connection to help end hunger, reduce food waste and provide members ...	http://www.restaurant.org/Industry-Impact/Giving-Back/Fighting-Hunger/Food-Donation	www.restaurant.org › Industry Impact › Giving Back › Fighting Hunger
NEW DAY PROCLAMATION| NATIONAL FOOD BANK DAY – First ...	4 days ago - When you wake up on the first Friday in September make a commitment for National Food Bank Day to contribute to the cause that believes no ...	https://nationaldaycalendar.com/2017/08/30/new-day-proclamation-national-food-bank-day-first-friday-in-september/	https://nationaldaycalendar.com/.../new-day-proclamation-national-food-bank-day-fir...
	Find Your Local Food Pantry. Your Extra Food Can Feed The Needy.	/aclk?sa=l&ai=DChcSEwiZspy_x4jWAhWIGY8KHQQVBioYABAAGgJzYg&sig=AOD64_3Y9BXDfzZPpluN05EPLFI1WrV-ug&q=&ved=0ahUKEwiF_Ze_x4jWAhWFvo8KHdkzBdMQ0QwIIw&adurl=	www.ampleharvest.org/
	Help Ashray Akruti to feed the needy Children	/aclk?sa=L&ai=DChcSEwiZspy_x4jWAhWIGY8KHQQVBioYABABGgJzYg&sig=AOD64_3GXVdbd7VWpFDWGCMk0S-sRnJ1ZA&q=&ved=0ahUKEwiF_Ze_x4jWAhWFvo8KHdkzBdMQ0QwIJw&adurl=	www.ashrayakruti.org/
	Donate for Global giving NGO Older People, Food Donation Online Elderly People.	/aclk?sa=l&ai=DChcSEwiZspy_x4jWAhWIGY8KHQQVBioYABAGGgJzYg&sig=AOD64_2kPrPY3hKdJJDUpZ4BYB4DbF76ng&q=&ved=0ahUKEwiF_Ze_x4jWAhWFvo8KHdkzBdMQ0QwIMA&adurl=	www.serudsindia.org/
Food Charities You Should Donate To | Bon Appetit	Nov 28, 2012 - While you're buying gifts this holiday season, consider donating to these ... Farmworker Justice: Now a nonprofit arm of National Council of La ...	http://www.bonappetit.com/entertaining-style/gift-guides/article/food-charities-you-should-donate-to	www.bonappetit.com/entertaining-style/gift.../food-charities-you-should-donate-to
Fighting Hunger in Australia - Foodbank	Fifteen leading food brands in Australia are on board to donate an extra one million food items to vulnerable Australians this July through the Shop & Share ...	https://www.foodbank.org.au/	https://www.foodbank.org.au/
Houston Food Bank- Filling Pantries, Filling Lives, Volunteer or ...	Houston Food Bank is Houston's largest food donation foundation. This Food Donation Center and Food Pantry gives aid to Houston's hungry, homeless, ...	http://www.houstonfoodbank.org/	www.houstonfoodbank.org/
Food Redistribution in the Nordic Region: Experiences and results ...	Currently, the Food Bank is mainly able to serve charity organisations in and ... in the national food bank “Matsentralen”, with good opportunities to collaborate ...	https://books.google.co.in/books?id=d_p1BgAAQBAJ&pg=PA79&lpg=PA79&dq=national+food+donation&source=bl&ots=0fH77lz1VP&sig=GSDY-5I3c4octGGnxS9mf2829Pw&hl=en&sa=X&ved=0ahUKEwiPj77Bx4jWAhVFqY8KHafxCkg4ChDoAQhBMAU	https://books.google.co.in/books?isbn=9289338571
10 Top Charities That Fight Hunger - The Spruce	"May 6, 2017 - Here is a list of organizations that will use your charitable donations to fight hunger. ... locally, donate or volunteer at your city's food bank or soup kitchen. .... ""Share Our Strength (SOS) is a national organization that works hard ..."	https://www.thespruce.com/charities-that-fight-hunger-1666012	https://www.thespruce.com › Food › Cooking School › Culinary Glossary
Food Banks Canada - Organization	A vast network, working together. Food Banks Canada is the national charitable organization representing the food bank network in Canada. While many people ...	https://www.foodbankscanada.ca/About-Us/Organization.aspx	https://www.foodbankscanada.ca/About-Us/Organization.aspx
Food Banks Canada - National Food Sharing System	These donations are transported to a national or provincial hub for sorting and then distributed fairly to Provincial Associations and our network of Affiliate food ...	https://www.foodbankscanada.ca/About-Us/Programs/National-Food-Sharing-System.aspx	https://www.foodbankscanada.ca/About-Us/.../National-Food-Sharing-System.aspx
Supplemental Nutrition Assistance Program - Wikipedia	Jump to Food Stamp Act of 1964 - The Food Stamp Act of 1964 appropriated $75 million to ... on basis of race, religious creed, national origin, or political ...	https://en.wikipedia.org/wiki/Supplemental_Nutrition_Assistance_Program	https://en.wikipedia.org/wiki/Supplemental_Nutrition_Assistance_Program
Food stamp - Wikipedia	Food stamp may refer to: Supplemental Nutrition Assistance Program (SNAP), current name for the former U.S. Food Stamp Program; Ration stamp, used to ...	https://en.wikipedia.org/wiki/Food_stamp	https://en.wikipedia.org/wiki/Food_stamp
Disaster Assistance | Food and Nutrition Service	As part of the National Response Framework, FNS provides nutrition assistance to those most affected by a disaster or emergency. When State agencies notify ...	https://www.fns.usda.gov/disaster/disaster-assistance	https://www.fns.usda.gov/disaster/disaster-assistance
Assessment of Household Food Security Among Food Stamp ...	Assessment of Household Food Security Among Food Stamp Recipient ..... The 1999 National Food Stamp Program Survey data (n = 2396) represent all ...	https://www.ncbi.nlm.nih.gov/pmc/articles/PMC1448339/	https://www.ncbi.nlm.nih.gov › NCBI › Literature › PubMed Central (PMC)
Uniting on Food Assistance: The case for transatlantic policy ...	Aligning. European. national. food. assistance. programs. TheEuropean Commission is the single largest player within European food assistance, but it is by no ...	https://books.google.co.in/books?id=QgDJBQAAQBAJ&pg=PT104&lpg=PT104&dq=national+food+assistance&source=bl&ots=lJaucL9JA3&sig=2dTWZM03FW0HdhKS9BS9cbPxm0w&hl=en&sa=X&ved=0ahUKEwiE3d_Fx4jWAhWK6Y8KHVRbDrk4ChDoAQg_MAQ	https://books.google.co.in/books?isbn=113651919X
Food Assistance and Nutrition Research Program Final Report: Fiscal ...	Grants to administer the RIDGE Program were awarded to: • The RIDGE Center for National Food and Nutrition Assistance Research at the Institute for Research ...	https://books.google.co.in/books?id=GUWPr0dBBfkC&pg=PA9&lpg=PA9&dq=national+food+assistance&source=bl&ots=7qY5NgDDNJ&sig=T_Esfpn0pOXt6qO2dQT5Z_ZShuA&hl=en&sa=X&ved=0ahUKEwiE3d_Fx4jWAhWK6Y8KHVRbDrk4ChDoAQhIMAY	https://books.google.co.in/books?isbn=1437980821
Evaluating Food Assistance Programs in an Era of Welfare Reform: ...	Summary of a Workshop National Research Council and Institute of Medicine, ... that several features of the national Food Stamp Program are maintained.	https://books.google.co.in/books?id=2GjUY508BaEC&pg=PA13&lpg=PA13&dq=national+food+assistance&source=bl&ots=CtEdwumzwI&sig=I8lF6Q7nIG_xkv1uLKotoEs7IFI&hl=en&sa=X&ved=0ahUKEwiE3d_Fx4jWAhWK6Y8KHVRbDrk4ChDoAQhLMAc	https://books.google.co.in/books?isbn=0309184487
RIDGE Project Summaries, 2009: Food Assistance Nutrition Research ...	Each partner institution provides a different emphasis on food and nutrition ... are the RIDGE Center for National Food and Nutrition Assistance Research at the ...	https://books.google.co.in/books?id=ylTzRxZDc28C&pg=PT7&lpg=PT7&dq=national+food+assistance&source=bl&ots=M8lgEohhcu&sig=4V1_z9284fWuYEJWlgoz1xF_F7s&hl=en&sa=X&ved=0ahUKEwiE3d_Fx4jWAhWK6Y8KHVRbDrk4ChDoAQhQMAg	https://books.google.co.in/books?isbn=1437943292
Civic Engagement in Food System Governance: A Comparative ...	the state of the sub-national. Cass Business School, City University, London, UK. [from notes]. Food Outreach and Opportunity Development for a Healthy ...	https://books.google.co.in/books?id=bPCoCgAAQBAJ&pg=PA240&lpg=PA240&dq=national+food+outreach&source=bl&ots=kENmd4Gi46&sig=vrOM313v5cm1m6AGgs-yZGSrVgs&hl=en&sa=X&ved=0ahUKEwi-yrLKx4jWAhVJOo8KHVlrCLM4ChDoAQgpMAE	https://books.google.co.in/books?isbn=1317497996
Nutritional Foundations and Clinical Applications - E-Book: A ...	... organizations offering medical nutrition therapy and food outreach programs. ... National Cancer Institute (NCI) www.cancer.gov Makes available CancerNet ...	https://books.google.co.in/books?id=KedOAQAAQBAJ&pg=PA488&lpg=PA488&dq=national+food+outreach&source=bl&ots=Bc77TheDq6&sig=-y8bxrPiG0tQwewGK_pTfdluS-E&hl=en&sa=X&ved=0ahUKEwi-yrLKx4jWAhVJOo8KHVlrCLM4ChDoAQgsMAI	https://books.google.co.in/books?isbn=0323266886
Australia's food & nutrition 2012 - Page 101 - Google Books Result	A Community Food Forum has been established in the Australian Capital Territory, ... include helping to improve food outreach initiatives and maximising opportunities ... establishes national reference data for benchmarking at the local level ...	https://books.google.co.in/books?id=eIfb1zwTFqcC&pg=PA101&lpg=PA101&dq=national+food+outreach&source=bl&ots=g18EWfi5Al&sig=KDhz1LdyogX3W3_mX-pzTp4z4BA&hl=en&sa=X&ved=0ahUKEwi-yrLKx4jWAhVJOo8KHVlrCLM4ChDoAQg5MAQ	https://books.google.co.in/books?isbn=1742493238
Enhancing Nutrition Security via India's National Food Security Act ...	Aug 17, 2015 - National Food Security Act (NFSA) passed in September 2013 is one of the ... While a nutrition advocacy has fueled the demand for NFSA, ...	https://www.ncbi.nlm.nih.gov/pmc/articles/PMC4811376/	https://www.ncbi.nlm.nih.gov › NCBI › Literature › PubMed Central (PMC)
Growing the food movement: lists of advocacy groups - Food Politics	Aug 1, 2012 - She volunteered to start doing some preliminary work by attempting to identify local and national food advocacy groups. It didn't take her long to ...	http://www.foodpolitics.com/2012/08/growing-the-food-movement-lists-of-advocacy-groups/	www.foodpolitics.com/2012/.../growing-the-food-movement-lists-of-advocacy-group...
7 Top Hunger Organizations - Food & Nutrition Magazine	Learn more about 9 groups fighting food insecurity and hunger at home and ... of hunger and advocates for legislation that protects people from going hungry.	https://foodandnutrition.org/september-october-2013/7-top-hunger-organizations/	https://foodandnutrition.org › September-October 2013
Food Security in Australia: Challenges and Prospects for the Future	239) say: “The central lessons from our experiences ... are ... that food advocacy must be framed more broadly than traditional social justice conceptions and ...	https://books.google.co.in/books?id=srrOH81VW0AC&pg=PA125&lpg=PA125&dq=national+food+advocacy&source=bl&ots=5N7hC1-8Mw&sig=yI3xVmNXg1oOyagpAEjRhJeR7vE&hl=en&sa=X&ved=0ahUKEwjr9OfOx4jWAhVFLY8KHW2iCBs4ChDoAQhOMAc	https://books.google.co.in/books?isbn=1461444845
Civic Engagement in Food System Governance: A Comparative ...	National Farmers Union (NFU), UK 9, 120, 137–139 National Food Alliance ... and British advocacy groups 185–190 People's Garden 28, 52 persuasion versus ...	https://books.google.co.in/books?id=bPCoCgAAQBAJ&pg=PA274&lpg=PA274&dq=national+food+advocacy&source=bl&ots=kENmd4H9X6&sig=S_lt9snogkkUgnQiQe3ntL44vEA&hl=en&sa=X&ved=0ahUKEwjr9OfOx4jWAhVFLY8KHW2iCBs4ChDoAQhQMAg	https://books.google.co.in/books?isbn=1317497996
Fixing the Food System: Changing How We Produce and Consume Food: ...	Food. Advocacy. Changes. America. As discussed in Chapter 1, four leaders of the food movement in 2014 proposed a national food policy weaving universal ...	https://books.google.co.in/books?id=wbZCDQAAQBAJ&pg=PA161&lpg=PA161&dq=national+food+advocacy&source=bl&ots=r6sGXxQMoE&sig=pjzfwi9Ik7qBgUOndGj9rdTgECA&hl=en&sa=X&ved=0ahUKEwjr9OfOx4jWAhVFLY8KHW2iCBs4ChDoAQhTMAk	https://books.google.co.in/books?isbn=1440843716
Food and Agriculture Organization - Wikipedia	Structure and finance. Lester Bowles Pearson presiding at a plenary session of the founding conference of the United Nations Food and Agriculture Organization. FAO headquarters in Rome. José Graziano da Silva, FAO Director General. Liaison Office for North America in Washington, D.C. The Food Price Index (FAO) 1990- ...	https://en.wikipedia.org/wiki/Food_and_Agriculture_Organization	https://en.wikipedia.org/wiki/Food_and_Agriculture_Organization
List of food safety organisations - Wikipedia	This is a list of organizations and associated posts which are related to food safety, either as a primary interest or through statutory responsibility. National ...	https://en.wikipedia.org/wiki/List_of_food_safety_organisations	https://en.wikipedia.org/wiki/List_of_food_safety_organisations
40 Organizations That Are Shaking Up the Food System – Food Tank	May 23, 2013 - United Nations Food and Agriculture Organization (FAO) (International) – The Food and Agriculture Organization is the United Nations' international agency overseeing global food security and agriculture.	https://foodtank.com/news/2013/05/forty-organizations-that-are-shaking-up-the-food-system/	https://foodtank.com/news/.../forty-organizations-that-are-shaking-up-the-food-syste...
7 Top Hunger Organizations - Food & Nutrition Magazine	There are few initiatives that evoke as much vigor and collaborative spirit as the fight against hunger. As communities engage to provide sustainable solutions ...	https://foodandnutrition.org/september-october-2013/7-top-hunger-organizations/	https://foodandnutrition.org › September-October 2013
Food Redistribution in the Nordic Region: Experiences and results ...	Several organisations receive support for their activities. ... 7.5.6 Collaboration with national food banks – experiences and potential for improvement?	https://books.google.co.in/books?id=d_p1BgAAQBAJ&pg=PA84&lpg=PA84&dq=national+food+organisations&source=bl&ots=0fH77lAUOR&sig=qnnYq4ucDgt40G-cOKes3RR7Cj8&hl=en&sa=X&ved=0ahUKEwiKoITRx4jWAhWHuI8KHe1XB14Q6AEIfDAI	https://books.google.co.in/books?isbn=9289338571
Food Law: European, Domestic and International Frameworks	a specific food or food type, such as canned fruits, desiccated coconut, frog legs or ... of international organisation that can have a bearing on national food law.	https://books.google.co.in/books?id=4chKCAAAQBAJ&pg=PA45&lpg=PA45&dq=national+food+organisations&source=bl&ots=mm3UmVQgzi&sig=_J900UQknXSRmjqKMThyg6mNjkE&hl=en&sa=X&ved=0ahUKEwiKoITRx4jWAhWHuI8KHe1XB14Q6AEIgQEwCQ	https://books.google.co.in/books?isbn=1782258035
Food, National Identity and Nationalism: From Everyday to Global ...	... marketing of national food, and the important role played by private companies in the representation of food as national. For example, the Israeli hummus plate ...	https://books.google.co.in/books?id=vWDeCgAAQBAJ&pg=PA123&lpg=PA123&dq=national+food+organisations&source=bl&ots=yjAZGzgXJj&sig=2ewLtkrkWD78jyjLGNNPz6OnoSw&hl=en&sa=X&ved=0ahUKEwjHxZDTx4jWAhWKQo8KHXkNCTw4ChDoAQgkMAA	https://books.google.co.in/books?isbn=113748313X
Faith-based Organisations in Ethiopia: The Contribution of the Kale ...	Sustainable agricultural development, a cornerstone for ensuring food ... Building blocks of the national food security strategy In general, the national food ...	https://books.google.co.in/books?id=HLEEU5JvF0sC&pg=PA46&lpg=PA46&dq=national+food+organisations&source=bl&ots=Fqo8CtCWql&sig=ByP6nVwcTYqsQAcbNV_tah-ccF8&hl=en&sa=X&ved=0ahUKEwjHxZDTx4jWAhWKQo8KHXkNCTw4ChDoAQgzMAM	https://books.google.co.in/books?isbn=3847100114
World Food Programme: Front page	News release WFP distributes food in the wake of Sierra Leone mudslides ..... The World Food Programme collaborates with national governments to help forge ...	http://www1.wfp.org/	www1.wfp.org/
Hungry Britain: The rise of food charity - Google Books Result	food; and in corporate partnerships and future planning. The direct sourcing of food is clearly imperative for emergency food organisations to make food ... food is largely donated by individual donors, but national food drives (whereby food is ...	https://books.google.co.in/books?id=KBgwDwAAQBAJ&pg=PT95&lpg=PT95&dq=national+food+organisations&source=bl&ots=H_sf675Eeu&sig=oxAC8K1VZrutCKENNxtbgfP9wC4&hl=en&sa=X&ved=0ahUKEwjHxZDTx4jWAhWKQo8KHXkNCTw4ChDoAQg8MAU	https://books.google.co.in/books?isbn=1447328329
U.S. Hunger Relief Organization | Feeding America®	... is a hunger organization with a nationwide network of food banks feeding the ... The Feeding America network is the nation's largest domestic hunger-relief ...	http://www.feedingamerica.org/	www.feedingamerica.org/
Learn More | Regional Food Bank	The Regional Food Bank of Oklahoma, a member of the Feeding America network of Food Banks, is the largest private domestic hunger-relief charity in the state ...	https://www.regionalfoodbank.org/learn-more	https://www.regionalfoodbank.org/learn-more
Feeding America | Regional Food Bank	The Regional Food Bank of Oklahoma has been a proud member of Feeding America since 1980. Feeding America is the nation's leading domestic ...	https://www.regionalfoodbank.org/learn-more/feedingamerica	https://www.regionalfoodbank.org/learn-more/feedingamerica
A Comparison of Characteristics and Food Insecurity Coping ... - NCBI	May 24, 2017 - A Comparison of Characteristics and Food Insecurity Coping ... and Domestic Postsecondary Students Using a Food Bank Located on a ...	https://www.ncbi.nlm.nih.gov/pubmed/28537087	https://www.ncbi.nlm.nih.gov/pubmed/28537087
North Texas Food Bank - Wikipedia	The North Texas Food Bank (NTFB) is a social benefit organization located in Dallas Texas. ... Feeding America, the nation's largest domestic hunger relief organization, solicits food and grocery products from national suppliers for distribution ...	https://en.wikipedia.org/wiki/North_Texas_Food_Bank	https://en.wikipedia.org/wiki/North_Texas_Food_Bank
	Donate Delhi NCR FoodBank, India. Feeding over 10,000 Meals Daily	/aclk?sa=l&ai=DChcSEwjf1eXXx4jWAhVKjI8KHTX1AzIYABAAGgJzYg&sig=AOD64_30ypQ7TeJcjaNE5ol6AObZUdKvXg&q=&ved=0ahUKEwjE-ODXx4jWAhVBP48KHZwYD-44ChDRDAhh&adurl=	www.delhifoodbanking.org/
U.S. Hunger Relief Organization | Feeding America®	Find Your Local Food Bank ... The Feeding America network is the nation's largest domestic hunger-relief ... Make a secure donation via credit card or PayPal.	http://www.feedingamerica.org/	www.feedingamerica.org/
Feed the Children | Create A World Where No Child Goes To Bed ...	Food & Nutrition Health & Water Education ... Many companies will even match your donation, doubling or tripling the impact of your gift! This benefit is very ...	http://www.feedthechildren.org/	www.feedthechildren.org/
7 Top Hunger Organizations - Food & Nutrition Magazine	Learn more about 9 groups fighting food insecurity and hunger at home and ... In 2012, Feeding America was named the fourth largest charity in the U.S. by ...	https://foodandnutrition.org/september-october-2013/7-top-hunger-organizations/	https://foodandnutrition.org › September-October 2013
First World Hunger Revisited: Food Charity or the Right to Food?	Food Charity or the Right to Food? ... Domestic food insecurity in wealthy societies has increased in recent years particularly since the 2007–2009 global ...	https://books.google.co.in/books?id=7FqoBAAAQBAJ&pg=PT244&lpg=PT244&dq=domestic+food+charity&source=bl&ots=H6wS47gS3c&sig=MoyR5cnwzQ8Ih1JKmr5GX2d5Evw&hl=en&sa=X&ved=0ahUKEwiDhqTax4jWAhWLrY8KHRrmBKwQ6AEIWjAE	https://books.google.co.in/books?isbn=1137298731
About Us - Houston Food Bank	In fall 2008, the Houston Food Bank merged with End Hunger Network, ... As a member of the nation's largest non-governmental, domestic hunger relief ...	http://www.houstonfoodbank.org/aboutus/	www.houstonfoodbank.org/aboutus/
Programs & Campaigns - Foodbank	Major brands sign up for Food Fight Campaign Foodbank, Australia's largest ... of domestic life where food and camaraderie are shared with friends and loved ...	https://www.foodbank.org.au/about-us/how-we-work/programs-campaigns/	https://www.foodbank.org.au/about-us/how-we-work/programs-campaigns/
Sweet Charity?: Emergency Food and the End of Entitlement	"Emergency Food and the End of Entitlement Janet Poppendieck ... ""Obstacles to Domestic Food Security: The Ambiguous Role of Food Banks in Supplementing ..."	https://books.google.co.in/books?id=yYYKbozUD70C&pg=PA336&lpg=PA336&dq=domestic+food+charity&source=bl&ots=WY0nHuhuol&sig=EVVaAJEVp3mBB9c6CfZegU5pGrY&hl=en&sa=X&ved=0ahUKEwiDhqTax4jWAhWLrY8KHRrmBKwQ6AEIbDAI	https://books.google.co.in/books?isbn=1440621357
	Help Ashray Akruti to feed the needy Children	/aclk?sa=L&ai=DChcSEwjY1qnax4jWAhVUBSoKHZvmC9sYABAAGgJ0bQ&sig=AOD64_38SIvuLDhJXynt9ACPBliO8wq-PA&q=&ved=0ahUKEwiDhqTax4jWAhWLrY8KHRrmBKwQ0QwIIw&adurl=	www.ashrayakruti.org/
	Donate for Global giving NGO Older People, Food Donation Online Elderly People.	/aclk?sa=l&ai=DChcSEwjY1qnax4jWAhVUBSoKHZvmC9sYABAFGgJ0bQ&sig=AOD64_1gvmQgqe3E3L9Nl8F2RFDAZft-oQ&q=&ved=0ahUKEwiDhqTax4jWAhWLrY8KHRrmBKwQ0QwIKw&adurl=	www.serudsindia.org/
	Find Your Local Food Pantry. Your Extra Food Can Feed The Needy.	/aclk?sa=l&ai=DChcSEwjY1qnax4jWAhVUBSoKHZvmC9sYABAKGgJ0bQ&sig=AOD64_1oN9p5YDFqL9KbZbddm7uiz70V5g&q=&ved=0ahUKEwiDhqTax4jWAhWLrY8KHRrmBKwQ0QwINA&adurl=	www.ampleharvest.org/
	Donate Rs.450 and help us feed a child for an year. Donate Now!	/aclk?sa=l&ai=DChcSEwjY1qnax4jWAhVUBSoKHZvmC9sYABALGgJ0bQ&sig=AOD64_3F3yDvshTDTY_GQpga2jevhRYHMA&q=&ved=0ahUKEwiDhqTax4jWAhWLrY8KHRrmBKwQ0QwIOA&adurl=	www.annamrita.org/MidDay+Meal
	Help us Serve those in Need. Contribute on our Site!	/aclk?sa=l&ai=DChcSEwjY1qnax4jWAhVUBSoKHZvmC9sYABAPGgJ0bQ&sig=AOD64_2RabKgALuQkI0M7Zd-ePijxRviMA&q=&ved=0ahUKEwiDhqTax4jWAhWLrY8KHRrmBKwQ0QwIdg&adurl=	www.goonj.org/
	You Can Contribute to Any of Our Projects w/ Small Donations as Per Your Choice.	/aclk?sa=l&ai=DChcSEwjY1qnax4jWAhVUBSoKHZvmC9sYABAUGgJ0bQ&sig=AOD64_3QP9h6SsEddl2TBASJuodT-eH56w&q=&ved=0ahUKEwiDhqTax4jWAhWLrY8KHRrmBKwQ0QwIfw&adurl=	www.ratnanidhi.org/
	Charity feeding 1.6 million children in India by provding food for entire year	/aclk?sa=l&ai=DChcSEwjY1qnax4jWAhVUBSoKHZvmC9sYABAaGgJ0bQ&sig=AOD64_0Sb1rXxooQMz8KEspyNoDxK9Yo2w&q=&ved=0ahUKEwiDhqTax4jWAhWLrY8KHRrmBKwQ0QwIiQE&adurl=	www.akshayapatra.org/donate/food-charity
Sweet Justice: Domestic the Limits of Charity - NCBI	Sweet Justice: Domestic. Hunger and the Limits of. Charity. J. LARRY BROWN, PHD. S ... hungry through private charities in ... of food banks, soup kitchens, and.	https://www.ncbi.nlm.nih.gov/pmc/articles/PMC1308500/pdf/pubhealthrep00026-0091.pdf	https://www.ncbi.nlm.nih.gov/pmc/articles/PMC1308500/.../pubhealthrep00026-0091.p...
RCS: Help & Hope. Serving hungry, homeless, domestic violence ...	RCS Food Bank is the largest distributor of emergency food to people, especially ... The Haven of RCS Domestic Violence Center empowers victims of domestic ...	https://www.rcspinellas.org/	https://www.rcspinellas.org/
Global Food-Price Shocks and Poor People: Themes and Case Studies	The world's wealthy countries are not likely to see beyond food charity until the ... to achieve domestic food security, then those governments will actually practise ...	https://books.google.co.in/books?id=Zo3JAwAAQBAJ&pg=PA320&lpg=PA320&dq=domestic+food+charity&source=bl&ots=RiyjHXNq98&sig=5Bfw9CKtp6vqaSUZJueN6Y1iGOU&hl=en&sa=X&ved=0ahUKEwihubHcx4jWAhUJM48KHTa5Ayw4ChDoAQhBMAg	https://books.google.co.in/books?isbn=1317979079
Greater Lansing Food Bank: Home	Greater Lansing Food Bank is a non-profit organization that provides food in Ingham, Eaton, Clinton, ... As the nation's leading domestic hunger-relief.	http://greaterlansingfoodbank.org/	greaterlansingfoodbank.org/
U.S. Hunger Relief Organization | Feeding America®	Find Your Local Food Bank ... The Feeding America network is the nation's largest domestic hunger-relief ... Make a secure donation via credit card or PayPal.	http://www.feedingamerica.org/	www.feedingamerica.org/
10 Top Charities That Fight Hunger - The Spruce	May 6, 2017 - Here is a list of organizations that will use your charitable donations to fight hunger. ... locally, donate or volunteer at your city's food bank or soup kitchen. ... formerly America's Second Harvest, is the nation's leading domestic ...	https://www.thespruce.com/charities-that-fight-hunger-1666012	https://www.thespruce.com › Food › Cooking School › Culinary Glossary
Feed the Children | Create A World Where No Child Goes To Bed ...	Food & Nutrition Health & Water Education ... Many companies will even match your donation, doubling or tripling the impact of your gift! This benefit is very ...	http://www.feedthechildren.org/	www.feedthechildren.org/
Domestic Food Programs | Feed the Children	When the money on SNAP cards goes down, visits to food pantries and other local charities go up. For hungry kids in the U.S., not knowing when they'll eat next ...	http://www.feedthechildren.org/how/us/domestic-food-programs/	www.feedthechildren.org/how/us/domestic-food-programs/
7 Top Hunger Organizations - Food & Nutrition Magazine	Learn more about 9 groups fighting food insecurity and hunger at home and ... It invests 97 percent of all donations into programs and services for people in ...	https://foodandnutrition.org/september-october-2013/7-top-hunger-organizations/	https://foodandnutrition.org › September-October 2013
Feeding People Not Landfills - The Pizza Hut Harvest Program - Hut ...	Apr 22, 2016 - Pizza Hut has a strong legacy with food donations, dating back to ... it's been encouraging to see that the domestic food waste conversation is ...	http://blog.pizzahut.com/deliver-hope/harvest-program/	blog.pizzahut.com/deliver-hope/harvest-program/
	Find Your Local Food Pantry. Your Extra Food Can Feed The Needy.	/aclk?sa=l&ai=DChcSEwjKnPHex4jWAhVJoWgKHSvRDfsYABAAGgJzYw&sig=AOD64_3Sbd5n5X9MaShJ3XX_RF-qg3B-jA&q=&ved=0ahUKEwjI9Ofex4jWAhVJQ48KHWARAy0Q0QwIIw&adurl=	www.ampleharvest.org/
	Help Ashray Akruti to feed the needy Children	/aclk?sa=L&ai=DChcSEwjKnPHex4jWAhVJoWgKHSvRDfsYABABGgJzYw&sig=AOD64_3rvIjI6e2lCOgBskMKGQL5DAX9_w&q=&ved=0ahUKEwjI9Ofex4jWAhVJQ48KHWARAy0Q0QwIJw&adurl=	www.ashrayakruti.org/
	Donate for Global giving NGO Older People, Food Donation Online Elderly People.	/aclk?sa=l&ai=DChcSEwjKnPHex4jWAhVJoWgKHSvRDfsYABAGGgJzYw&sig=AOD64_162ATpSOhuPvbT6ly2J8usyUwLZw&q=&ved=0ahUKEwjI9Ofex4jWAhVJQ48KHWARAy0Q0QwIMA&adurl=	www.serudsindia.org/
	By midday meal programme ngo help children's food with Rs.950/yr in India.	/aclk?sa=l&ai=DChcSEwjKnPHex4jWAhVJoWgKHSvRDfsYABALGgJzYw&sig=AOD64_0uTUQZYseieBYtSNQ8oi_BWUlnig&q=&ved=0ahUKEwjI9Ofex4jWAhVJQ48KHWARAy0Q0QwIOQ&adurl=	www.akshayapatra.org/
	Donate Foodgrains for Our Kitchen to Feed Poor. Contact Us Today!	/aclk?sa=l&ai=DChcSEwjKnPHex4jWAhVJoWgKHSvRDfsYABAMGgJzYw&sig=AOD64_1dLqyvuzbd8dutMNsPv00Pcz5Liw&q=&ved=0ahUKEwjI9Ofex4jWAhVJQ48KHWARAy0Q0QwIfQ&adurl=	www.ratnanidhi.org/
	Contribute Online via Internet Banking, Indian Bank Cards, e-Wallets	/aclk?sa=l&ai=DChcSEwjKnPHex4jWAhVJoWgKHSvRDfsYABARGgJzYw&sig=AOD64_0KUr4kzoduIrknmWMXxT7AzS4OUA&q=&ved=0ahUKEwjI9Ofex4jWAhVJQ48KHWARAy0Q0QwIiAE&adurl=	p2p.shuddhi.org/
	Donate to Help Feed Meals Feeding programs : DelhiNCRFoodBank	/aclk?sa=l&ai=DChcSEwjKnPHex4jWAhVJoWgKHSvRDfsYABAVGgJzYw&sig=AOD64_1Acb25N4y_AzFbxRzU2FRovATePQ&q=&ved=0ahUKEwjI9Ofex4jWAhVJQ48KHWARAy0Q0QwIkAE&adurl=	www.delhifoodbanking.org/
Greater Lansing Food Bank: Home	Greater Lansing Food Bank is a non-profit organization that provides food in Ingham, Eaton, Clinton, ... As the nation's leading domestic hunger-relief.	http://greaterlansingfoodbank.org/	greaterlansingfoodbank.org/
Feeding People Not Landfills - The Pizza Hut Harvest Program - Hut ...	Apr 22, 2016 - Pizza Hut has a strong legacy with food donations, dating back to ... it's been encouraging to see that the domestic food waste conversation is ...	http://blog.pizzahut.com/deliver-hope/harvest-program/	blog.pizzahut.com/deliver-hope/harvest-program/
Christian Associates - Domestic Violence Center, Emergency Food ...	Welcome to Christian Associates. Homelessness Prevention · Harbor House Domestic Violence Center. Emergency Food Pantry · 2 Thrift Stores · Volunteering.	http://catrl.org/	catrl.org/
Westside Food Bank - What Is Westside Food Bank?	Westside Food Bank is an independent, non-governmental, 501(c)(3) non-profit corporation founded ... Women and children living in domestic violence shelters.	http://www.westsidefoodbankca.org/index.php?option=com_content&task=view&id=62	www.westsidefoodbankca.org/index.php?option=com_content&task=view&id...
Domestic food assistance: Summary of programs - ResearchGate	Domestic food assistance: Summary of programs on ResearchGate, the professional network for scientists.	https://www.researchgate.net/publication/293271564_Domestic_food_assistance_Summary_of_programs	https://www.researchgate.net/.../293271564_Domestic_food_assistance_Summary_of_pr...
Food Assistance Programs | Nutrition.gov	Food Assistance Programs. Food and Nutrition Service - Programs and Services. USDA . Food and Nutrition Service. Find information on the Food and Nutrition ...	https://www.nutrition.gov/subject/food-assistance-programs	https://www.nutrition.gov/subject/food-assistance-programs
U.S. GAO - Domestic Food Assistance: Multiple Programs Benefit ...	May 20, 2015 - Domestic Food Assistance: Multiple Programs Benefit Millions of Americans, but Additional Action Is Needed to Address Potential Overlap and ...	http://www.gao.gov/products/GAO-15-606T	www.gao.gov/products/GAO-15-606T
GAO Action Tracker: Social services: Domestic Food Assistance	In 2013, USDA commissioned a study on the feasibility and potential cost to assess the extent of overlap and duplication among its food assistance programs.	http://www.gao.gov/duplication/action_tracker/Domestic_Food_Assistance/action1	www.gao.gov/duplication/action_tracker/Domestic_Food_Assistance/action1
Domestic Food Assistance: Complex System Benefits Millions, But ...	April 2010 Accountability Integrity Reliability Highlights Highlights of GAO-10-346, a report to congressional requesters DOMESTIC FOOD ASSISTANCE ...	https://books.google.co.in/books?id=xMCGFVrXAA4C&pg=PP2&lpg=PP2&dq=domestic+food+assistance&source=bl&ots=EncwczLafe&sig=izZauRYRYLIzkWoXmaxVHfbUQjc&hl=en&sa=X&ved=0ahUKEwi3i7vlx4jWAhXGKo8KHRtrAVQ4ChDoAQgkMAA	https://books.google.co.in/books?isbn=1437932428
Supplemental Nutrition Assistance Program (SNAP) | Food and ...	Jan 30, 2017 - SNAP offers nutrition assistance to millions of eligible, low-income individuals ... SNAP is the largest program in the domestic hunger safety net.	https://www.fns.usda.gov/snap/supplemental-nutrition-assistance-program-snap	https://www.fns.usda.gov/snap/supplemental-nutrition-assistance-program-snap
Food Assistance and Nutrition Research Program, Final Report: Fiscal ...	Food. Assistance. &. Nutrition. Research. Program. Chapter. 1.The. Food ... to study and evaluate the Nation's domestic food and nutrition assistance programs, ...	https://books.google.co.in/books?id=ITiOyE-lxpwC&pg=PA1&lpg=PA1&dq=domestic+food+assistance&source=bl&ots=_6fEpQCWeC&sig=3prTQVwB5RbEo7fKoZY5rnfgJDY&hl=en&sa=X&ved=0ahUKEwi3i7vlx4jWAhXGKo8KHRtrAVQ4ChDoAQg6MAU	https://books.google.co.in/books?isbn=1437926606
International Food Assistance: Local and Regional Procurement Can ...	Canada Has Adopted a Cash LRP Food Aid Policy Like the United States, Canada has historically tied the procurement of food aid to its domestic suppliers.	https://books.google.co.in/books?id=mxLankMDXNAC&pg=PA11&lpg=PA11&dq=domestic+food+assistance&source=bl&ots=V0YsXZsn0J&sig=t_3cKOTmpE24-g-JbFMFaqXKs5I&hl=en&sa=X&ved=0ahUKEwi3i7vlx4jWAhXGKo8KHRtrAVQ4ChDoAQhBMAc	https://books.google.co.in/books?isbn=1437917941
Food Aid After Fifty Years: Recasting its Role	22 It then focuses on food aid programs as one of fourteen key areas in need of ... USDA would continue to handle domestic food procurement and coordinate ...	https://books.google.co.in/books?id=jgGTAgAAQBAJ&pg=PA235&lpg=PA235&dq=domestic+food+assistance&source=bl&ots=eW2NnNzpHf&sig=NG25K2nHiVf7vuw2FwKkQ4mRdlk&hl=en&sa=X&ved=0ahUKEwi3i7vlx4jWAhXGKo8KHRtrAVQ4ChDoAQhEMAg	https://books.google.co.in/books?isbn=1135992967
Food Outreach	Food Outreach is the only St. Louis area organization providing nutritional support to low-income men, women, and children with HIV/AIDS or cancer.	http://foodoutreach.org/	foodoutreach.org/
Food Outreach Programs	Food Outreach programs for low-income clients living with HIV/AIDS and cancer include nutritional counseling, nutritional education and meals and groceries.	http://foodoutreach.org/programs/	foodoutreach.org/programs/
7 Top Hunger Organizations - Food & Nutrition Magazine	... food for all. Learn more about 9 groups fighting food insecurity and hunger at home and abroad ... Community outreach, nutrition education, community events.	https://foodandnutrition.org/september-october-2013/7-top-hunger-organizations/	https://foodandnutrition.org › September-October 2013
Civic Engagement in Food System Governance: A Comparative ...	Food Outreach and Opportunity Development for a Healthy America Act of 2007, ... Vegetables, and Nuts to Support Domestic Nutrition Assistance Programs.	https://books.google.co.in/books?id=bPCoCgAAQBAJ&pg=PA240&lpg=PA240&dq=domestic+food+outreach&source=bl&ots=kENmd4H91_&sig=58PNX7eLoUWdR9rOc6eEGRHGmdA&hl=en&sa=X&ved=0ahUKEwjLuvjnx4jWAhXLLo8KHTUSDI4Q6AEIVDAI	https://books.google.co.in/books?isbn=1317497996
CFSAN - What We Do - FDA	Aug 18, 2016 - The Center regulates $417 billion worth of domestic food, $49 billion worth ... compliance activities; industry outreach and consumer education ...	https://www.fda.gov/aboutfda/centersoffices/officeoffoods/cfsan/whatwedo/default.htm	https://www.fda.gov/aboutfda/centersoffices/officeoffoods/cfsan/.../default.htm
	Contact us Today.	/aclk?sa=l&ai=DChcSEwjUmIDox4jWAhWIF48KHYZ3CvkYABAAGgJzYg&sig=AOD64_1pv7mxuZ2Z2bN5557eY53E95Xv0w&q=&ved=0ahUKEwjLuvjnx4jWAhXLLo8KHTUSDI4Q0QwIXg&adurl=	www.feedourvets.org/
RFA-FD-16-002: Local Food Producer Outreach, Education, and ...	Jan 29, 2016 - Local Food Producer Outreach, Education, and Training to Enhance Food Safety ... Catalog of Federal Domestic Assistance (CFDA) Number(s).	https://grants.nih.gov/grants/guide/rfa-files/RFA-FD-16-002.html	https://grants.nih.gov/grants/guide/rfa-files/RFA-FD-16-002.html
RCS: Help & Hope. Serving hungry, homeless, domestic violence ...	RCS Food Bank is the largest distributor of emergency food to people, especially children, who are ... The Haven of RCS Domestic Violence Center empowers victims of domestic violence to become survivors. ... Outreach is 9am-5pm M-F. ​.	https://www.rcspinellas.org/	https://www.rcspinellas.org/
7 Top Hunger Organizations - Food & Nutrition Magazine	Learn more about 9 groups fighting food insecurity and hunger at home and ... of hunger and advocates for legislation that protects people from going hungry.	https://foodandnutrition.org/september-october-2013/7-top-hunger-organizations/	https://foodandnutrition.org › September-October 2013
Advocacy | Alliance to End Hunger	Monthly Advocacy Calls to Action ... Hunger and Agriculture: 795 million people worldwide are considered “food insecure,” a challenge ... Domestic – Farm Bill.	http://alliancetoendhunger.org/programs/advocacy/	alliancetoendhunger.org/programs/advocacy/
Civic Engagement in Food System Governance: A comparative ...	A comparative perspective of American and British local food movements Alan R. ... rural, and food advocacy groups remained focused on domestic issues even ...	https://books.google.co.in/books?id=kfCoCgAAQBAJ&pg=PT86&lpg=PT86&dq=domestic+food+advocacy&source=bl&ots=CFV7aRGWGC&sig=WVIzSrg4dYq-RrSvPVi83ayJTn4&hl=en&sa=X&ved=0ahUKEwjZjLHsx4jWAhWEwI8KHcCBB5YQ6AEITjAH	https://books.google.co.in/books?isbn=1317497988
Domestic Food Production and Food Security in the Caribbean: ...	Building Capacity and Strengthening Local Food Production Systems C. ... does not eschew internationaltrade but rather advocates the formulation of trade ...	https://books.google.co.in/books?id=Xvf198PbgcEC&pg=PT228&lpg=PT228&dq=domestic+food+advocacy&source=bl&ots=vIunzcxWnA&sig=qcUuQTLR0mDY_m0RPkcC-t8ltEo&hl=en&sa=X&ved=0ahUKEwiEqK7ux4jWAhWENo8KHfcvDMY4ChDoAQgvMAI	https://books.google.co.in/books?isbn=1137296992
Domestic Violence Advocacy: Complex Lives/Difficult Choices	For some women, financial security may mean just having the basics—food, shelter, clothes, and health care. For some poor women, this might mean living ...	https://books.google.co.in/books?id=YbUgAQAAQBAJ&pg=PA29&lpg=PA29&dq=domestic+food+advocacy&source=bl&ots=vbyeDUwxHE&sig=8X-RX2ppmz0_3QcXizn66wORDnY&hl=en&sa=X&ved=0ahUKEwiEqK7ux4jWAhWENo8KHfcvDMY4ChDoAQg-MAU	https://books.google.co.in/books?isbn=1483322351
Climate Change and Food Security: Africa and the Caribbean	While food security advocacy amongst most individual CARICOM states tends ... stymied and, in some cases, stifled the domestic food production sector.	https://books.google.co.in/books?id=rCklDwAAQBAJ&pg=PA208&lpg=PA208&dq=domestic+food+advocacy&source=bl&ots=wsw9cn7CF6&sig=QZgqB6rrCsgrNRGze8D4Drt8MLk&hl=en&sa=X&ved=0ahUKEwiEqK7ux4jWAhWENo8KHfcvDMY4ChDoAQhCMAY	https://books.google.co.in/books?isbn=1315469723
7 Top Hunger Organizations - Food & Nutrition Magazine	There are few initiatives that evoke as much vigor and collaborative spirit as the fight against hunger. As communities engage to provide sustainable solutions ...	https://foodandnutrition.org/september-october-2013/7-top-hunger-organizations/	https://foodandnutrition.org › September-October 2013
FAO Food Price Index | FAO | Food and Agriculture Organization of the ...	The FAO Food Price Index is a measure of the monthly change in ... due to weaker import demand in the United States because of increased domestic supplies.	http://www.fao.org/worldfoodsituation/foodpricesindex/en/	www.fao.org/worldfoodsituation/foodpricesindex/en/
10 Top Charities That Fight Hunger - The Spruce	May 6, 2017 - Here is a list of organizations that will use your charitable donations to fight hunger. ... formerly America's Second Harvest, is the nation's leading domestic ... Each year, the Feeding America network provides food assistance ...	https://www.thespruce.com/charities-that-fight-hunger-1666012	https://www.thespruce.com › Food › Cooking School › Culinary Glossary
U.S. Hunger Relief Organization | Feeding America®	The Feeding America network is the nation's largest domestic hunger-relief organization, working to connect people with food and end hunger. Donors, staff, and volunteers all play an important role in our efforts to end hunger in the United States.	http://www.feedingamerica.org/	www.feedingamerica.org/
Feed the Children | Create A World Where No Child Goes To Bed ...	Food & Nutrition Health & Water Education ... Many companies will even match your donation, doubling or tripling the impact of your gift! This benefit is very ...	http://www.feedthechildren.org/	www.feedthechildren.org/
FDA Organization	Sep 15, 2016 - Information about FDA organization and organization charts. ... Foods, Global Regulatory Operations and Policy, and Operations. ... Provides leadership for FDA's domestic and international product quality and safety efforts.	https://www.fda.gov/aboutFDA/Centersoffices/default.htm	https://www.fda.gov/aboutFDA/Centersoffices/default.htm
59 Organizations Fighting Food Loss and Waste – Food Tank	Jul 7, 2016 - These 59 global organizations are taking serious measures to reduce ... Harvest of Hope educates participants concerning the domestic and ...	https://foodtank.com/news/2016/07/fighting-food-loss-and-waste/	https://foodtank.com/news/2016/07/fighting-food-loss-and-waste/
World Trade Organisations and Food Security	stable environment for investors, whether domestic or foreign. And while foreign capital can be a useful — and sometimes vital complement to domestic saving, ...	https://books.google.co.in/books?id=eq7Ui8xo06QC&pg=PA61&lpg=PA61&dq=domestic+food+organisations&source=bl&ots=nZ57NMJrFV&sig=N6NZ4I1m983CxKodY3DXq7nMj4M&hl=en&sa=X&ved=0ahUKEwjM0e3wx4jWAhVJLY8KHYX6AGUQ6AEIXTAJ	https://books.google.co.in/books?isbn=8171419402
Producer Organisations: A Guide to Developing Collective Rural ...	differentiation diversification domestic food markets economic actors economies of scale embedded services empowerment extension services facilitating ...	https://books.google.co.in/books?id=zkOQSONubUgC&pg=PA164&lpg=PA164&dq=domestic+food+organisations&source=bl&ots=q8TpDWMeLl&sig=_TNFEgzNUh6DrSvSAsf8_bYcjo8&hl=en&sa=X&ved=0ahUKEwjbl77yx4jWAhWJuI8KHfj5A_c4ChDoAQgkMAA	https://books.google.co.in/books?isbn=0855985755
Food Aid for the Hungry? - Global Policy Forum	According to the UN's Food and Agricultural Organization (FAO), part of the problem lies ... (15) Still, tying food aid to donors' domestic production and shipping is ...	https://www.globalpolicy.org/world-hunger/46251-food-aid-for-the-hungry.html	https://www.globalpolicy.org/world-hunger/46251-food-aid-for-the-hungry.html
Agricultural Development And World Trade Organisations	Domestic Support The agreement also includes rules and commitments for ... in production-limiting programmes, advisory services, or domestic food assistance.	https://books.google.co.in/books?id=eAOLQP2ca4IC&pg=PA2&lpg=PA2&dq=domestic+food+organisations&source=bl&ots=Srpx8i8YRH&sig=rD1KoPb7_X9v2AzMISR0tyg7NJc&hl=en&sa=X&ved=0ahUKEwjbl77yx4jWAhWJuI8KHfj5A_c4ChDoAQgtMAI	https://books.google.co.in/books?isbn=8171419585
Global Food-Price Shocks and Poor People: Themes and Case Studies	The world's wealthy countries are not likely to see beyond food charity until the ... to achieve domestic food security, then those governments will actually practise the ... FAO (Food and Agriculture Organization of the United Nations) (2005) ...	https://books.google.co.in/books?id=Zo3JAwAAQBAJ&pg=PA320&lpg=PA320&dq=domestic+food+organisations&source=bl&ots=RiyjHXNqe5&sig=mqJVdSk7Nba_bcxmFTE8LJQo4yo&hl=en&sa=X&ved=0ahUKEwjbl77yx4jWAhWJuI8KHfj5A_c4ChDoAQgwMAM	https://books.google.co.in/books?isbn=1317979079
East Asia's Demand for Energy, Minerals and Food: The International ...	The organisations are directly managed and subsidised by ministries in relation to ... Not only was Japan's domestic food production and distribution system in ...	https://books.google.co.in/books?id=JnOFCwAAQBAJ&pg=PT131&lpg=PT131&dq=domestic+food+organisations&source=bl&ots=ZFwllvdWv_&sig=-yAugxNYVk2-N5Jrxmvf6BGkeJQ&hl=en&sa=X&ved=0ahUKEwjbl77yx4jWAhWJuI8KHfj5A_c4ChDoAQgyMAQ	https://books.google.co.in/books?isbn=1317634500
Food policy - Wikipedia	Food policy is the area of public policy concerning how food is produced, processed, ... Most food policy is initiated at the domestic level for purposes of ensuring a safe and .... The primary international agency with a focus on food policy is the Food and Agriculture Organization (FAO) of the United Nations, established in ...	https://en.wikipedia.org/wiki/Food_policy	https://en.wikipedia.org/wiki/Food_policy
FareShare North East | FareShare	Food is delivered to the North East's Newburn and Peterlee sites, and then ... centres for victims of domestic violence, homeless organisations, lunch clubs for ... FareShare North East would welcome enquires from both food organisations ...	http://www.fareshare.org.uk/regional-centres/north-east/	www.fareshare.org.uk/regional-centres/north-east/
Alabama - Food Pantries	There are several food pantries and food banks in the state of Alabama. With help from users like you we have compiled a list of some. If you know of a listing ...	http://www.foodpantries.org/st/alabama	www.foodpantries.org/st/alabama
Community Food Bank of Central Alabama - Home | Facebook	Community Food Bank of Central Alabama, Birmingham, AL. 2443 likes · 64 talking about this · 790 were here. We work day by day to feed those in need...	https://www.facebook.com/feedingAL/	https://www.facebook.com › Places › Birmingham, Alabama › Social Service
Food Bank Jobs, Employment in Alabama | Indeed.com	Jobs 1 - 10 of 406 - 406 Food Bank Jobs available in Alabama on Indeed.com. one search. all jobs.	https://www.indeed.com/q-Food-Bank-l-Alabama-jobs.html	https://www.indeed.com/q-Food-Bank-l-Alabama-jobs.html
Food Bank of North Alabama - Feeding America	www.feedingamerica.org > Find Your Local Food Bank > Food Bank of North Alabama. alttext. Feeding America. www.feedingamerica.org. Feeding America	http://www.feedingamerica.org/find-your-local-foodbank/food-bank-of-north-alabama.html	www.feedingamerica.org/find-your...foodbank/food-bank-of-north-alabama.html
Community Food Bank of Central Alabama, Located in Birmingham	The Community Food Bank of Central Alabama operates as a central clearinghouse for collecting food that might otherwise be wasted.	http://www.feedingal.org/	www.feedingal.org/
Programs - Community Food Bank of Central Alabama, Located in ...	At the Community Food Bank of Central Alabama we're bringing together people with a passion to help - schools, Agency partners, funding partners, volunteers, ...	http://www.feedingal.org/main/food-bank-programs/	www.feedingal.org/main/food-bank-programs/
Alabama Food Bank Association: Home	The Food Bank Association of Alabama is a non-profit organization representing the eight regional food banks located across the state. The board of directors is ...	http://alfoodbanks.org/	alfoodbanks.org/
West Alabama Food Bank | Home	Sabina Nad, a food bank employee, delivers approximately 16,000 pounds of nutritious food each week to many sites around West Alabama including several of ...	http://www.westalabamafoodbank.org/	www.westalabamafoodbank.org/
West Alabama Food Bank | About Us	The West Alabama Food Bank (WAFB) was incorporated in 1987 as a 501 (c) (3) non-profit organization whose mission is to help alleviate hunger and food ...	http://www.westalabamafoodbank.org/About-Us.html	www.westalabamafoodbank.org/About-Us.html
West Alabama Food Bank | How to Help	The West Alabama Food Bank has need of volunteers in several areas. Most volunteer positions do not involve a long commitment of time per scheduled visit.	http://www.westalabamafoodbank.org/how-to-help.html	www.westalabamafoodbank.org/how-to-help.html
Find Charity Food in North Alabama - Food Bank of North Alabama	May 15, 2017 - The Food Bank distributes food donations to relief organizations throughout the 11 counties we serve. If you or a loved one are facing a food ...	https://www.foodbanknorthal.org/get-help/find-food/	https://www.foodbanknorthal.org › Get Help
Food Bank of North Alabama	Feb 8, 2017 - The Food Bank of North Alabama feeds the hungry today and creates solutions that will end hunger tomorrow.	https://www.foodbanknorthal.org/	https://www.foodbanknorthal.org/
Montgomery Area Food Bank	Home Page; Montgomery Area Food Bank. An average annual distribution of assistance exceeding 20 million lbs to 35 of Alabama's 67 counties.	http://www.montgomeryareafoodbank.org/	www.montgomeryareafoodbank.org/
	Massive flooding has trapped thousands. Give now to send medicine and supplies.	/aclk?sa=l&ai=DChcSEwjg9Jb6x4jWAhWNjY8KHQPjDpIYABAAGgJzYg&ae=1&sig=AOD64_1T_yCSNuIXIBnezN0lE4TkCpcWNg&q=&ved=0ahUKEwiypJP6x4jWAhWHKo8KHXhCBNgQ0QwIIw&adurl=http://help.americares.org/site/Donation2%3Fdf_id%3D22191%26mfc_pref%3DT%2622191.donation%3Dform1%26gclid%3DEAIaIQobChMI4PSW-seI1gIVjY2PCh0D4w6SEAAYASAAEgJsNvD_BwE	help.americares.org/
	Your gift helps end hunger in San Mateo County. Give today.	/aclk?sa=l&ai=DChcSEwjg9Jb6x4jWAhWNjY8KHQPjDpIYABABGgJzYg&ae=1&sig=AOD64_1OeohFOsLRsxY70wpDJnlrw3Mdgw&q=&ved=0ahUKEwiypJP6x4jWAhWHKo8KHXhCBNgQ0QwIKA&adurl=https://www.shfb.org/donatenow%3Futm_source%3Dgoogle%26utm_medium%3Dcpc%26utm_term%3D%252B%2520food%2520bank%2520com%26utm_campaign%3DpaidNS-SMC-control	www.shfb.org/
	Families Never Receive a Bill for Treatment, Travel, Housing or Food	/aclk?sa=l&ai=DChcSEwjg9Jb6x4jWAhWNjY8KHQPjDpIYABACGgJzYg&ae=1&sig=AOD64_2cDjFpxPSNDtKktu6pKmzYjfnrAQ&q=&ved=0ahUKEwiypJP6x4jWAhWHKo8KHXhCBNgQ0QwILA&adurl=http://pixel.everesttech.net/4519/cq%3Fev_sid%3D3%26ev_ln%3Dcharities%26ev_lx%3Dkwd-295554499562%26ev_crx%3D208726376764%26ev_mt%3Dp%26ev_n%3Dg%26ev_ltx%3D%26ev_pl%3D%26ev_pos%3D1t3%26ev_dvc%3Dc%26ev_dvm%3D%26ev_phy%3D9061995%26ev_loc%3D21133%26ev_cx%3D816605243%26ev_ax%3D37560427130%26url%3Dhttps%253A//ad.doubleclick.net/ddm/clk/401824171%253B201975090%253Bw%26gclid%3DEAIaIQobChMI4PSW-seI1gIVjY2PCh0D4w6SEAAYAyAAEgJ4h_D_BwE	www.stjude.org/Donate
	Help Ashray Akruti to feed the needy Children	/aclk?sa=L&ai=DChcSEwjg9Jb6x4jWAhWNjY8KHQPjDpIYABAJGgJzYg&ae=1&sig=AOD64_13XcRQQ8z1iMsG0-ZdYyfwv56Ydg&q=&ved=0ahUKEwiypJP6x4jWAhWHKo8KHXhCBNgQ0QwIOA&adurl=http://ashrayakruti.org/contribure-to-ashray-akruti/%3Fgclid%3DEAIaIQobChMI4PSW-seI1gIVjY2PCh0D4w6SEAAYBCAAEgJ08_D_BwE	www.ashrayakruti.org/
	Your Extra Food Can Feed The Needy.	/aclk?sa=l&ai=DChcSEwjg9Jb6x4jWAhWNjY8KHQPjDpIYABAKGgJzYg&ae=1&sig=AOD64_3Eoa36y8DdJBKDQEumL7ycWWdRdQ&q=&ved=0ahUKEwiypJP6x4jWAhWHKo8KHXhCBNgQ0QwIuwE&adurl=http://www.ampleharvest.org%3Fgclid%3DEAIaIQobChMI4PSW-seI1gIVjY2PCh0D4w6SEAMYASAAEgJ-L_D_BwE	www.ampleharvest.org/
	Help the Less Fortunate Eat. Donate Food Today. Learn More!	/aclk?sa=l&ai=DChcSEwjg9Jb6x4jWAhWNjY8KHQPjDpIYABALGgJzYg&ae=1&sig=AOD64_1LpXexhNkO78xx1IwrEATF4lUVTA&q=&ved=0ahUKEwiypJP6x4jWAhWHKo8KHXhCBNgQ0QwIvwE&adurl=http://www.lakeviewpantry.org/%3Fgclid%3DEAIaIQobChMI4PSW-seI1gIVjY2PCh0D4w6SEAMYAiAAEgIJnvD_BwE	www.lakeviewpantry.org/food-donate
	Help us Serve those in Need. Contribute on our Site!	/aclk?sa=l&ai=DChcSEwjg9Jb6x4jWAhWNjY8KHQPjDpIYABARGgJzYg&ae=1&sig=AOD64_0ekAlIz6voMV_JFRZ3jfQDG44QRg&q=&ved=0ahUKEwiypJP6x4jWAhWHKo8KHXhCBNgQ0QwIyQE&adurl=http://goonj.org/%3Fgclid%3DEAIaIQobChMI4PSW-seI1gIVjY2PCh0D4w6SEAMYAyAAEgJ_tvD_BwE	www.goonj.org/
Community Food Bank of Central Alabama - Home | Facebook	Community Food Bank of Central Alabama, Birmingham, AL. 2443 likes · 64 talking about this · 790 were here. We work day by day to feed those in need...	https://www.facebook.com/feedingAL/	https://www.facebook.com › Places › Birmingham, Alabama › Social Service
Food Bank of North Alabama - Home | Facebook	Food Bank of North Alabama, Huntsville, AL. 1670 likes · 64 talking about this. We feed the hungry today and create solutions that will end hunger...	https://www.facebook.com/foodbank146/	https://www.facebook.com › Places › Huntsville, Alabama › Other
Alabama food banks - Need Help Paying Bills	Birmingham - Alabama, 35209. Phone - 205-942-8911. This organizations partners with churches, pantries, and charities across Alabama. MC Food Bank	http://www.needhelppayingbills.com/html/alabama_food_banks.html	www.needhelppayingbills.com/html/alabama_food_banks.html
Food Bank of East Alabama	Food Bank of East Alabama. Email: food-bank@foodbankofeastalabama.com. Mailing Address/Physical Address: 375 Industry Drive, Auburn, AL 36832	http://www.foodbankofeastalabama.com/	www.foodbankofeastalabama.com/
Donate Funds « Food Bank of East Alabama	Donate Funds. While the consequences of the current financial crisis are not yet fully known, we at the Food Bank feel certain about 2 things –the number of ...	http://foodbankofeastalabama.com/donate/donate-funds/	foodbankofeastalabama.com/donate/donate-funds/
Birmingham AL Food Pantries | Birmingham Alabama Food Pantries ...	Birmingham AL Food pantries and food banks. ... Community Food Bank of Central Alabama ... United Way Community Food Bank have 3 different programs.	https://www.foodpantries.org/ci/al-birmingham	https://www.foodpantries.org/ci/al-birmingham
	Helping AL farmers make more sales to local buyers and pass GAP safety audits	/aclk?sa=l&ai=DChcSEwjXiKX8x4jWAhUJE48KHY7kCWcYABAAGgJzYg&ae=1&sig=AOD64_1kWG6D4g63Z1J-CncWrGMt-ZnA3Q&q=&ved=0ahUKEwihwKD8x4jWAhWKK48KHWSbD_44ChDRDAgj&adurl=http://www.foodbanknorthal.org/programs/ffc/%3Fgclid%3DEAIaIQobChMI14il_MeI1gIVCROPCh2O5AlnEAAYASAAEgKoAPD_BwE	www.foodbanknorthal.org/programs/ffc
	Learn how Charitable Planned Gifts give Tax Benefits & Help End Hunger	/aclk?sa=L&ai=DChcSEwjXiKX8x4jWAhUJE48KHY7kCWcYABAFGgJzYg&ae=1&sig=AOD64_22FXVSKWgneEw9Tamilc39JlpCmA&q=&ved=0ahUKEwihwKD8x4jWAhWKK48KHWSbD_44ChDRDAgr&adurl=http://www.heiferfoundation.org%3Fgclid%3DEAIaIQobChMI14il_MeI1gIVCROPCh2O5AlnEAAYAiAAEgJqzfD_BwE	www.heiferfoundation.org/
	Donate your surplus food to help communities in need, instantly!	/aclk?sa=L&ai=DChcSEwjXiKX8x4jWAhUJE48KHY7kCWcYABAGGgJzYg&ae=1&sig=AOD64_3aOFarbPV9XfhDPRl8aXhMWMicCA&q=&ved=0ahUKEwihwKD8x4jWAhWKK48KHWSbD_44ChDRDAgv&adurl=http://www.re-plate.org	www.re-plate.org/
	Donate with assurance, get detailed feedback report	/aclk?sa=l&ai=DChcSEwjXiKX8x4jWAhUJE48KHY7kCWcYABAHGgJzYg&ae=1&sig=AOD64_2GddCmIrf4H-Ma8sAZGBnI3zXdKQ&q=&ved=0ahUKEwihwKD8x4jWAhWKK48KHWSbD_44ChDRDAgz&adurl=http://www.giveindia.org/default.aspx%3Fgclid%3DEAIaIQobChMI14il_MeI1gIVCROPCh2O5AlnEAAYBCAAEgKYmfD_BwE	www.giveindia.org/
	Families Never Receive a Bill for Treatment, Travel, Housing or Food	/aclk?sa=l&ai=DChcSEwjXiKX8x4jWAhUJE48KHY7kCWcYABAMGgJzYg&ae=1&sig=AOD64_2kLY6OVPZe1JN83rMOP4lDv6qwCA&q=&ved=0ahUKEwihwKD8x4jWAhWKK48KHWSbD_44ChDRDAh5&adurl=http://pixel.everesttech.net/4519/cq%3Fev_sid%3D3%26ev_ln%3Dcharities%26ev_lx%3Dkwd-295554499562%26ev_crx%3D208726376764%26ev_mt%3Dp%26ev_n%3Dg%26ev_ltx%3D%26ev_pl%3D%26ev_pos%3D2o1%26ev_dvc%3Dc%26ev_dvm%3D%26ev_phy%3D9061995%26ev_loc%3D21133%26ev_cx%3D816605243%26ev_ax%3D37560427130%26url%3Dhttps%253A//ad.doubleclick.net/ddm/clk/401824171%253B201975090%253Bw%26gclid%3DEAIaIQobChMI14il_MeI1gIVCROPCh2O5AlnEAMYASAAEgL5ffD_BwE	www.stjude.org/Donate
	Your gift helps create a hunger-free community.	/aclk?sa=l&ai=DChcSEwjXiKX8x4jWAhUJE48KHY7kCWcYABATGgJzYg&ae=1&sig=AOD64_1-XyUSKFda-G3ninkOMipPT2uqtA&q=&ved=0ahUKEwihwKD8x4jWAhWKK48KHWSbD_44ChDRDAiFAQ&adurl=https://www.shfb.org/donatenow%3Futm_source%3Dgoogle%26utm_medium%3Dcpc%26utm_term%3D%252B%2520food%2520bank%2520com%26utm_campaign%3DpaidNS-SMC	www.shfb.org/
	Invest in Women and Girls!	/aclk?sa=L&ai=DChcSEwjXiKX8x4jWAhUJE48KHY7kCWcYABAUGgJzYg&ae=1&sig=AOD64_0CBNKJgA8VjBBsb3j6VHVUcIDTOw&q=&ved=0ahUKEwihwKD8x4jWAhWKK48KHWSbD_44ChDRDAiJAQ&adurl=http://www.connecther.org/	www.connecther.org/
Frequently Asked Questions - Community Food Bank of Central ...	About Us Q. Who gets food? A. Our member agencies are responsible for determining how the food is distributed to individuals in need. Each year, 645,000 ...	http://www.feedingal.org/main/frequently-asked-questions/	www.feedingal.org/main/frequently-asked-questions/
Community Food Bank of Central Alabama, Located in Birmingham	The Community Food Bank of Central Alabama operates as a central clearinghouse for collecting food that might otherwise be wasted.	http://www.feedingal.org/	www.feedingal.org/
Support - Community Food Bank of Central Alabama, Located in ...	FOOD & FUND DRIVES. Thank you so much for your interest in holding a Food & Fund Drive! Food drives are critically important to replenishing our supplies ...	http://www.feedingal.org/main/support/	www.feedingal.org/main/support/
West Alabama Food Bank | Home	Sabina Nad, a food bank employee, delivers approximately 16,000 pounds of nutritious food each week to many sites around West Alabama including several of ...	http://www.westalabamafoodbank.org/	www.westalabamafoodbank.org/
Alabama Food Bank Association: Home	The Food Bank Association of Alabama is a non-profit organization representing the eight regional food banks located across the state. The board of directors is ...	http://alfoodbanks.org/	alfoodbanks.org/
Alabama - Food Pantries	There are several food pantries and food banks in the state of Alabama. With help from users like you we have compiled a list of some. If you know of a listing ...	https://www.foodpantries.org/st/alabama	https://www.foodpantries.org/st/alabama
Birmingham AL Food Pantries | Birmingham Alabama Food Pantries ...	Birmingham AL Food pantries and food banks. We have the list of all food pantries in Birmingham.	https://www.foodpantries.org/ci/al-birmingham	https://www.foodpantries.org/ci/al-birmingham
Food Bank of North Alabama	Feb 8, 2017 - The Food Bank of North Alabama feeds the hungry today and creates solutions that will end hunger tomorrow.	https://www.foodbanknorthal.org/	https://www.foodbanknorthal.org/
Community Food Bank of Central Alabama - Home | Facebook	Community Food Bank of Central Alabama, Birmingham, AL. 2443 likes · 64 talking about this · 790 were here. We work day by day to feed those in need...	https://www.facebook.com/feedingAL/	https://www.facebook.com › Places › Birmingham, Alabama › Social Service
	Find Your Local Food Pantry Your Extra Food Helps The Needy	/aclk?sa=l&ai=DChcSEwio-fL-x4jWAhXWiWgKHXAmCMwYABAAGgJzYw&sig=AOD64_1szKZm9go8BnrLMHz6NbJJiGqkTw&q=&ved=0ahUKEwju9-7-x4jWAhWI6Y8KHUB8DDEQ0QwIIw&adurl=	www.ampleharvest.org/
	Donate for Global giving NGO Older People, Food Donation Online Elderly People.	/aclk?sa=l&ai=DChcSEwio-fL-x4jWAhXWiWgKHXAmCMwYABABGgJzYw&sig=AOD64_0jd3SntkSCc0MZOOjLMITHb4kCZA&q=&ved=0ahUKEwju9-7-x4jWAhWI6Y8KHUB8DDEQ0QwIJg&adurl=	www.serudsindia.org/
	Help Ashray Akruti to feed the needy Children	/aclk?sa=L&ai=DChcSEwio-fL-x4jWAhXWiWgKHXAmCMwYABACGgJzYw&sig=AOD64_0mVALLb1kowVhNUeYVGGoOxIm8AQ&q=&ved=0ahUKEwju9-7-x4jWAhWI6Y8KHUB8DDEQ0QwIKg&adurl=	www.ashrayakruti.org/
	We help divert food from the trash to local food pantries helping those in need.	/aclk?sa=l&ai=DChcSEwio-fL-x4jWAhXWiWgKHXAmCMwYABAHGgJzYw&sig=AOD64_2EjDXIOW3hMmldR5vYgWvvoXLSFw&q=&ved=0ahUKEwju9-7-x4jWAhWI6Y8KHUB8DDEQ0QwIMw&adurl=	www.meansdatabase.com/about
	Donate your surplus food to help communities in need, instantly!	/aclk?sa=L&ai=DChcSEwio-fL-x4jWAhXWiWgKHXAmCMwYABAKGgJzYw&sig=AOD64_0eddZIukyk3JgUqK2amsz70dYrIQ&q=&ved=0ahUKEwju9-7-x4jWAhWI6Y8KHUB8DDEQ0QwIsAE&adurl=	www.re-plate.org/
Current Food List « Food Bank of East Alabama	Food Bank member agencies may log in here to get the current food list. The food ... Email your completed food list to eafborder@foodbankofeastalabama.com.	http://foodbankofeastalabama.com/for-member-agencies/on-line-ordering/	foodbankofeastalabama.com/for-member-agencies/on-line-ordering/
Alabama food banks - Need Help Paying Bills	Alabama food banks provide free food to those who need assistance. The non-profit pantries and distribution centers are a great place to turn to for food, meals ...	http://www.needhelppayingbills.com/html/alabama_food_banks.html	www.needhelppayingbills.com/html/alabama_food_banks.html
Alabama Soup Kitchens, Food, Pantries, Food Banks	Note: If you are searching for Alabama Food Banks, food banks are distribution hubs. They supply the food to the Soup Kitchens, Food Pantries, Shelters etc.	https://www.homelessshelterdirectory.org/foodbanks/ALfoodbanks.html	https://www.homelessshelterdirectory.org/foodbanks/ALfoodbanks.html
Food Bank of East Alabama	All donations received after 8:00 PM ET will be processed the following business day. Weekend/Holiday donations will be processed the next business day.	https://portal.icheckgateway.com/FoodBankofEastAlabama/	https://portal.icheckgateway.com/FoodBankofEastAlabama/
Feeding the Gulf Coast Food Bank-Alabama, Florida, Mississippi	Feeding the Gulf Coast Food Bank is a member of the Feeding America Network serving the Gulf Coast throughout 24 counties in Alabama, Florida, ...	https://feedingthegulfcoast.org/	https://feedingthegulfcoast.org/
Alabama Childhood Food Solutions	Donate now to feed hungry children for up to a year! Alabama Childhood Food Solution is a non-profit organization focused on the prevention of childhood ...	http://alabamachildhoodfood.com/	alabamachildhoodfood.com/
WEST ALABAMA FOOD BANK NEEDS MORE DONATIONS - WVUA23	May 16, 2017 - The 25th annual Stamp Out Hunger food drive was a one-day event Saturday, but organizers say that's no excuse to avoid donating. Last year ...	http://wvua23.com/west-alabama-food-bank-needs-more-donations/	wvua23.com › Local
Alabama A&M student starts a food pantry to help classmates in his ...	Oct 24, 2016 - Normal, AL. (WHNT) - This week's Pay it Forward recipient is young and very motivated. Justin Franks is only a college student, but has a lot to ...	http://whnt.com/2016/10/24/alabama-am-student-starts-a-food-pantry-to-help-classmates-in-his-dorm/	whnt.com/.../alabama-am-student-starts-a-food-pantry-to-help-classmates-in-his-dorm...
Apply for Assistance - Alabama - MyDHR	You must sign in to MyDHR or create an account before you can apply for Food Assistance or view your account information.	https://mydhr.alabama.gov/apply	https://mydhr.alabama.gov/apply
13 Alabama counties saw 85 percent drop in food stamp participation ...	Jun 5, 2017 - Thirteen Alabama counties saw a dramatic drop in food stamp participation after work requirement for able-bodied adults were restarted.	http://www.al.com/news/index.ssf/2017/06/13_alabama_counties_had_85_per.html	www.al.com/news/index.ssf/2017/06/13_alabama_counties_had_85_per.html
MyAlabama - Services	The Alabama Food Assistance Program (formerly Food Stamps) helps many low income people and families buy the food they need to stay healthy while ...	https://www.myalabama.gov/services	https://www.myalabama.gov/services
Food Stamp Application for Seniors | AlabamaLegalHelp.org | A guide ...	The Alabama Elderly Simplified Application Project (AESAP) was created to simplify the Food Assistance Program application process for households where all ...	https://www.alabamalegalhelp.org/resource/food-stamp-application-for-seniors	https://www.alabamalegalhelp.org/resource/food-stamp-application-for-seniors
